,ImageNumber,ObjectNumber,AreaShape_Area,AreaShape_Compactness,AreaShape_Eccentricity,AreaShape_EulerNumber,AreaShape_Extent,AreaShape_FormFactor,AreaShape_MajorAxisLength,AreaShape_MaxFeretDiameter,AreaShape_MaximumRadius,AreaShape_MeanRadius,AreaShape_MedianRadius,AreaShape_MinFeretDiameter,AreaShape_MinorAxisLength,AreaShape_Orientation,AreaShape_Perimeter,AreaShape_Solidity,in_object
2767,119,1,41996,1.1019778496202044,0.7576981671145008,1.0,0.7646202024615832,0.8154554584104058,286.8775275004673,278.68440932352144,87.96590248499699,34.96200036874864,31.827660925679094,181.28968186503695,187.2177531287455,79.8320241839888,804.4679999999972,0.9770487989297968,1.0
2768,119,2,42019,1.0095538382025253,0.2960408966388711,1.0,0.7356267507002802,0.8819617737500791,237.1721264966204,239.5349661322956,106.70520137275408,37.61200507480586,33.286633954186485,222.73863607376248,226.5409488576508,-47.057363959668685,773.7539999999966,0.9896720249661426,1.0
2769,119,3,48780,1.033829177520775,0.6250966274368635,1.0,0.7970588235294118,0.8645791989717743,281.888849449174,282.68179990936807,108.15729286552988,39.739782302459815,35.440090293338706,220.65500594283958,220.0276017949017,-75.2638288438583,842.021999999997,0.9853450626698048,1.0
2770,119,4,41280,1.0949470455675316,0.7276612192953481,1.0,0.8371187540558079,0.8137460882460196,279.1804240723676,271.03505308354494,123.93950137062842,48.290210086011726,43.93176527297759,183.0,191.50009747546764,-88.25783654463766,798.4179999999982,0.9898212423119808,1.0
2771,119,5,43660,1.0208845374436053,0.5624255253509797,1.0,0.784687275341481,0.8777507035958777,259.09348763102247,260.4995201531089,105.0,38.26412677441628,34.0,212.64640757690466,214.23091848162707,89.34065623929311,790.607999999997,0.9890806941235102,1.0
2773,119,7,24606,1.0033811485658504,0.3029881101039495,1.0,0.7685532233883059,0.8691486507427079,181.15814004491256,183.27302038216098,83.45058418010026,29.00178549796343,25.495097567963924,171.2785058669304,172.64268144844647,-20.676901443986694,596.4559999999979,0.9825107810253954,1.0
2775,119,9,72402,1.0180921197302528,0.5399401415558476,1.0,0.7418237704918033,0.7015956161093291,330.7373770983933,330.9048201522607,133.40539719216758,47.455838865203496,41.77319714841085,283.54981925580563,278.3827806980135,-51.00953137098057,1138.7719999999956,0.9733021455073398,1.0
