,ImageNumber,ObjectNumber,AreaShape_Area,AreaShape_Compactness,AreaShape_Eccentricity,AreaShape_EulerNumber,AreaShape_Extent,AreaShape_FormFactor,AreaShape_MajorAxisLength,AreaShape_MaxFeretDiameter,AreaShape_MaximumRadius,AreaShape_MeanRadius,AreaShape_MedianRadius,AreaShape_MinFeretDiameter,AreaShape_MinorAxisLength,AreaShape_Orientation,AreaShape_Perimeter,AreaShape_Solidity,in_object
2108,96,1,9243,1.5177825920235046,0.9103949755420748,1.0,0.7400912803266875,0.5977396418819929,174.3283326253368,180.06943105369106,69.0,24.808229175853945,22.0,68.0,72.12664666638688,-1.5480155420910395,440.8139999999987,0.99163179916318,0.0
2122,96,15,5849,2.4684532947626967,0.9735501822714872,1.0,0.7084544573643411,0.3962138401350405,186.5714998104599,191.00261778310792,40.01249804748511,16.042176715500787,14.866068747318506,42.0,42.62660371057402,-88.34556277306629,430.7059999999994,0.9561095218635064,0.0
2123,96,16,18871,1.7958959858484091,0.9429340558619966,1.0,0.7220309152127334,0.513839927473356,278.1418631785753,296.0016891843693,88.0,33.36343290225205,30.0,87.0,92.61554641369464,-89.91115775549228,679.3419999999987,0.994361892717884,0.0
2129,96,22,24206,1.1865720167371436,0.7905376933352269,1.0,0.8099715576376109,0.7157306454725569,230.16670505352442,254.6369965264278,137.03284277865654,54.49798277608335,49.178244859061394,137.87522601427065,140.95717119836291,-74.04041630898787,651.9159999999993,0.9955581146664472,0.0
2130,96,23,43004,1.3924058100150671,0.8913836387068915,1.0,0.8001339634577457,0.6541695621366803,354.88573440668364,363.49552954610044,152.73833834371774,59.94486353363278,55.90169943749475,153.0,160.85182058931554,4.528621221192728,908.895999999998,0.9944041067381956,0.0
2131,96,24,6510,1.789114753089925,0.9405028300119416,1.0,0.6888888888888889,0.5093974834218775,162.76880402368351,174.0028735394907,52.8866712887094,19.595935644751908,17.691806012954128,53.0,55.306537118312896,1.0251951185886383,400.7439999999994,0.9890610756608932,0.0
