,ImageNumber,ObjectNumber,AreaShape_Area,AreaShape_Compactness,AreaShape_Eccentricity,AreaShape_EulerNumber,AreaShape_Extent,AreaShape_FormFactor,AreaShape_MajorAxisLength,AreaShape_MaxFeretDiameter,AreaShape_MaximumRadius,AreaShape_MeanRadius,AreaShape_MedianRadius,AreaShape_MinFeretDiameter,AreaShape_MinorAxisLength,AreaShape_Orientation,AreaShape_Perimeter,AreaShape_Solidity,in_object
1749,82,6,64498,1.2437911768229994,0.8367891940848861,1.0,0.7268526866209881,0.6922527092777164,395.56554072442253,377.69034936042516,106.66770832824713,38.512189795984646,35.6931365951495,234.1553113148642,216.5821018082634,7.275034263831196,1082.0459999999955,0.9375663221548703,0.0
1750,82,7,7121,1.92089546165748,0.9519621394674872,1.0,0.7402286902286902,0.489958214746941,178.12274363298667,184.09780009549272,51.0098029794274,19.972909542533053,18.0,51.0,54.54398938018915,88.00859256963597,427.36199999999945,0.9851283115445804,0.0
1766,82,23,60067,1.3375544763469516,0.8596710396833509,1.0,0.5347845441595441,0.4883175377989986,401.90929307251116,366.3181677176277,97.082439194738,34.244865363346484,31.38470965295043,208.6966738024609,205.314568155975,28.93205812360226,1243.2879999999955,0.8629076282143372,0.0
1767,82,24,47522,1.0479898338953435,0.5067324347738221,1.0,0.7568402611880872,0.5104334123405337,269.15115394378824,298.85949876154183,119.10079764636342,45.9237023391661,41.340053217188775,229.0,232.03611981757683,-73.98521672129628,1081.6399999999974,0.9392813377080288,0.0
1768,82,25,34589,1.1130603413047016,0.7403443955165034,1.0,0.8043953488372093,0.8138620406172354,259.3150495496416,257.6082296822056,110.72488428533129,43.70177739205916,39.924929555354254,171.0,174.3187777307887,78.6064022428562,730.7999999999981,0.992226047045324,0.0
1769,82,26,102274,1.0371059457744496,0.5452559208250265,1.0,0.6771677525292653,0.42720616811922496,397.3934379337928,419.6295985747431,147.59742545180112,52.76005448492303,46.51881339845203,351.782620982965,333.1228521307565,-47.908899932297075,1734.4779999999946,0.9171486732488588,0.0
1771,82,28,13941,1.349943222617211,0.8747358706089341,1.0,0.7692010593687928,0.6572895722633096,196.62338589150676,197.7321420508057,88.54942122905152,30.50059631693367,27.0,91.0,95.28369212746703,3.4328223520578867,516.265999999999,0.9866940335480217,0.0
