,ImageNumber,ObjectNumber,AreaShape_Area,AreaShape_Compactness,AreaShape_Eccentricity,AreaShape_EulerNumber,AreaShape_Extent,AreaShape_FormFactor,AreaShape_MajorAxisLength,AreaShape_MaxFeretDiameter,AreaShape_MaximumRadius,AreaShape_MeanRadius,AreaShape_MedianRadius,AreaShape_MinFeretDiameter,AreaShape_MinorAxisLength,AreaShape_Orientation,AreaShape_Perimeter,AreaShape_Solidity,in_object
7,1,8,11622,1.3173131962538354,0.8606304965581255,1.0,0.7377642353837365,0.6748679312191178,175.6233796396294,181.83783984638617,73.60027173862879,26.71287088392446,24.041630560342607,88.0,89.43268593928724,79.40662171058216,465.1959999999992,0.9922308546059934,0.0
12,1,13,1,0.0,0.0,1.0,1.0,0.7853981633974483,0.095,0.0,1.0,1.0,1.0,0.0,0.095,0.0,4.0,1.0,0.0
13,1,14,1,0.0,0.0,1.0,1.0,0.7853981633974483,0.095,0.0,1.0,1.0,1.0,0.0,0.095,0.0,4.0,1.0,0.0
17,1,18,235,5.872423800057367,0.995721571746096,1.0,0.7704918032786885,0.18219608675030988,58.984401546341886,60.0,5.0,2.5743084170903185,2.23606797749979,4.0,5.4504113467148905,-89.9564991744702,127.312,0.9552845528455284,0.0
21,1,22,1,0.0,0.0,1.0,1.0,0.7853981633974483,0.095,0.0,1.0,1.0,1.0,0.0,0.095,0.0,4.0,1.0,0.0
