,ImageNumber,ObjectNumber,AreaShape_Area,AreaShape_Compactness,AreaShape_Eccentricity,AreaShape_EulerNumber,AreaShape_Extent,AreaShape_FormFactor,AreaShape_MajorAxisLength,AreaShape_MaxFeretDiameter,AreaShape_MaximumRadius,AreaShape_MeanRadius,AreaShape_MedianRadius,AreaShape_MinFeretDiameter,AreaShape_MinorAxisLength,AreaShape_Orientation,AreaShape_Perimeter,AreaShape_Solidity,in_object
2447,109,1,15260,1.2892787665347811,0.8495920186331848,1.0,0.7633053221288515,0.6803038898612708,197.59908724446942,203.00246303924493,96.60745312862772,32.862301798379434,29.0,97.0,104.22174654658323,0.008205448486179963,530.9219999999984,0.992068651670784,0.0
2448,109,2,4013,2.0858924047916383,0.9596521282520184,1.0,0.7230630630630631,0.4548233218817162,140.30991177335952,149.00335566691106,37.0,14.605355492236527,13.152946437965904,36.0,39.4537382637346,89.94752882920172,332.9799999999996,0.991598715097603,0.0
2452,109,6,5742,2.4316286672403504,0.9704297366953162,1.0,0.6701680672268907,0.3704104021100392,182.94911978742783,203.0,42.0,16.214576181965526,14.7648230602334,41.0,44.1609489035401,89.90098090036992,441.3619999999994,0.9918811539125928,0.0
2457,109,11,16533,1.2879700799236424,0.8221299275840577,1.0,0.6649372586872587,0.6386059373974251,201.97288218857574,223.0022421411946,95.77577981932592,33.12567428197916,29.410882339705488,110.0,114.98314270242236,88.62923956436266,570.3799999999984,0.9928835240068464,0.0
2458,109,12,59991,1.37359793472839,0.8843432611687679,1.0,0.5646743222891566,0.6358295526127472,414.1554756743296,386.46215856148194,99.70456358662828,35.096873789122235,32.2490309931942,199.6553038788914,193.3431937717856,44.08969924999045,1088.8739999999955,0.9300137197603304,0.0
