,ImageNumber,ObjectNumber,AreaShape_Area,AreaShape_Compactness,AreaShape_Eccentricity,AreaShape_EulerNumber,AreaShape_Extent,AreaShape_FormFactor,AreaShape_MajorAxisLength,AreaShape_MaxFeretDiameter,AreaShape_MaximumRadius,AreaShape_MeanRadius,AreaShape_MedianRadius,AreaShape_MinFeretDiameter,AreaShape_MinorAxisLength,AreaShape_Orientation,AreaShape_Perimeter,AreaShape_Solidity,in_object
2183,99,1,3058,2.029380201117841,0.9572357805897932,1.0,0.7183462532299741,0.4606092682348109,120.56914836201756,128.00390619039715,32.01562118716424,12.925236054862733,11.704699910719626,32.0,34.88173200812041,-1.1727013088352385,288.83999999999924,0.9821744017986188,0.0
2193,99,11,1,0.0,0.0,1.0,1.0,0.7853981633974483,0.095,0.0,1.0,1.0,1.0,0.0,0.095,0.0,4.0,1.0,0.0
2197,99,15,6456,1.6086063850552923,0.9205504739937824,1.0,0.7034978751225891,0.556914124882111,151.21055010196218,160.0124995117569,56.43580423808985,20.235798795955173,18.027756377319946,56.0,59.06641484909071,-87.810317663302,381.6739999999994,0.9904878797177048,0.0
