,ImageNumber,ObjectNumber,AreaShape_Area,AreaShape_Compactness,AreaShape_Eccentricity,AreaShape_EulerNumber,AreaShape_Extent,AreaShape_FormFactor,AreaShape_MajorAxisLength,AreaShape_MaxFeretDiameter,AreaShape_MaximumRadius,AreaShape_MeanRadius,AreaShape_MedianRadius,AreaShape_MinFeretDiameter,AreaShape_MinorAxisLength,AreaShape_Orientation,AreaShape_Perimeter,AreaShape_Solidity,in_object
2334,104,13,6507,1.7497523277774254,0.9368520120028494,1.0,0.7055953155497723,0.5205671708377994,160.44083460794252,173.0,52.9528091794949,19.795137683490466,17.691806012954128,52.0,56.11033878590196,-89.703481209227,396.3299999999994,0.990335590898714,0.0
2336,104,15,1,0.0,0.0,1.0,1.0,0.7853981633974483,0.095,0.0,1.0,1.0,1.0,0.0,0.095,0.0,4.0,1.0,0.0
2340,104,19,34669,1.0706835130619026,0.5360843770962038,1.0,0.7655228758169934,0.7445037909449844,234.4466485130084,264.44091967772306,110.01818031580055,41.94327353026434,37.336309405188935,203.0,197.911515263554,23.250632951497607,764.9659999999983,0.9669358100099014,0.0
2341,104,20,8159,1.7681198512167284,0.9400534933708002,1.0,0.7202507062146892,0.52109697155937,181.0675908331923,191.00261778310792,58.855755878248644,22.097558071967363,19.924858845171283,58.0,61.74894124729417,0.04549009145655911,443.57199999999915,0.98938943794337,0.0
