,ImageNumber,ObjectNumber,AreaShape_Area,AreaShape_Compactness,AreaShape_Eccentricity,AreaShape_EulerNumber,AreaShape_Extent,AreaShape_FormFactor,AreaShape_MajorAxisLength,AreaShape_MaxFeretDiameter,AreaShape_MaximumRadius,AreaShape_MeanRadius,AreaShape_MedianRadius,AreaShape_MinFeretDiameter,AreaShape_MinorAxisLength,AreaShape_Orientation,AreaShape_Perimeter,AreaShape_Solidity,in_object
2053,94,2,16537,1.1616957336094704,0.7813408344942308,1.0,0.7772972972972974,0.7590575015314703,187.27715462822567,193.25889371514057,84.81155581640985,31.653547152306103,28.63564212655271,114.0,116.88052596810701,12.590542957720318,523.2339999999983,0.9919620898566373,0.0
2064,94,13,9329,1.8250172718205544,0.9444045010798002,1.0,0.7097534996956787,0.5047005511038416,197.42181999239224,211.0023696549401,62.0,23.319709738971792,21.02379604162864,61.0,64.90950184946992,-89.89076888813926,481.95399999999916,0.9917083023280536,0.0
2069,94,18,7455,1.5079085746018754,0.9091876210763266,1.0,0.7422341696535245,0.6014236157741272,155.91749836779866,161.01242188104618,61.0,22.27818504582232,19.798989873223327,61.0,64.9219699486451,89.87400516314005,394.6739999999994,0.9878097257188286,0.0
2072,94,21,20770,1.1111419149030364,0.7345537932849083,1.0,0.8256807791691513,0.799190601688984,200.20845293765458,195.34584715319647,91.706052144883,35.64057068820125,32.17140086809282,128.0,135.85153754235054,86.72169359763132,571.4759999999987,0.9906279064221496,0.0
2080,94,29,59061,1.3242312713767723,0.8388442840791019,1.0,0.5996284113060428,0.5896546377864523,391.09428357363925,354.5193929815406,98.00510190801292,33.69296340724871,30.67572330035593,232.2953339921268,212.90055917973748,-28.79034082546252,1121.905999999996,0.8758211611181137,0.0
2081,94,30,1177,1.8725284491100296,0.9350545146577304,1.0,0.5658653846153846,0.44512265291598535,70.5477908783152,79.00632886041474,22.47220505424423,7.984700329059738,7.071067811865476,25.0,25.00947093337839,88.03723790794311,182.28599999999975,0.9526507486847429,0.0
2083,94,32,6621,1.4514161481829146,0.9040097696862224,1.0,0.8073405682233874,0.6328235654370346,143.5946126904995,146.10954794263102,58.54912467321779,24.11589287405234,22.56102834535696,58.0,61.38839086678218,-83.85989375491931,362.59799999999984,0.9927280905615112,0.0
