,ImageNumber,ObjectNumber,AreaShape_Area,AreaShape_Compactness,AreaShape_Eccentricity,AreaShape_EulerNumber,AreaShape_Extent,AreaShape_FormFactor,AreaShape_MajorAxisLength,AreaShape_MaxFeretDiameter,AreaShape_MaximumRadius,AreaShape_MeanRadius,AreaShape_MedianRadius,AreaShape_MinFeretDiameter,AreaShape_MinorAxisLength,AreaShape_Orientation,AreaShape_Perimeter,AreaShape_Solidity,in_object
2398,107,4,32645,1.3478058977243397,0.7661407475337474,1.0,0.6396590575095523,0.5081685400489182,280.9960775850072,298.1710918248112,94.19129471453293,36.754880586591405,32.526911934581186,172.0,180.5885418969235,-75.89143784142773,898.481999999998,0.8675259101780496,0.0
2423,107,29,19451,1.1579496822388171,0.7653910830562154,1.0,0.7906910569105691,0.7532491391316425,200.995156813338,199.81241202688085,97.2676719162127,36.06040313166797,32.01562118716424,122.0,129.35353878355536,3.6144699394773,569.6479999999989,0.9919424753939518,0.0
