,ImageNumber,ObjectNumber,AreaShape_Area,AreaShape_Compactness,AreaShape_Eccentricity,AreaShape_EulerNumber,AreaShape_Extent,AreaShape_FormFactor,AreaShape_MajorAxisLength,AreaShape_MaxFeretDiameter,AreaShape_MaximumRadius,AreaShape_MeanRadius,AreaShape_MedianRadius,AreaShape_MinFeretDiameter,AreaShape_MinorAxisLength,AreaShape_Orientation,AreaShape_Perimeter,AreaShape_Solidity,in_object
1094,50,1,1010,1.4550702708142176,0.8844081615584666,1.0,0.644955300127714,0.5748312650928387,55.410396346324355,59.94163828258284,27.85677655436824,10.428541774224144,9.326762794674746,27.620264364388674,25.860822321874213,-74.05657258175323,148.5919999999999,0.9882583170254404,0.0
1097,50,4,46249,1.1872957007593197,0.8061214153799104,1.0,0.6571327081557261,0.5574832234666636,321.122790039991,339.4849039353591,89.44271909999159,32.696360736471696,28.16025568065745,189.12702002350247,190.0244655891326,67.5158606054317,1021.0339999999962,0.925350140056022,0.0
1108,50,15,1,0.0,0.0,1.0,1.0,0.7853981633974483,0.095,0.0,1.0,1.0,1.0,0.0,0.095,0.0,4.0,1.0,0.0
1110,50,17,990,2.315833870632287,0.9244080806406372,1.0,0.5069124423963134,0.3886653524447435,71.32806950179425,63.15061361538778,9.219544457292887,3.619026998462764,3.6055512754639887,28.712366673612962,27.204875468207305,82.51252887047511,178.90999999999974,0.6657700067249496,0.0
1113,50,20,43763,1.2311400249532054,0.6893127131629074,1.0,0.6758764478764479,0.5836304500013414,299.31802191018056,307.82462539569514,116.0,37.64396167147157,34.785054261852174,244.3837299150164,216.84510997728148,19.711441227444027,970.7099999999973,0.8879397800592458,0.0
1117,50,24,1136,3.34359714646101,0.9864373823413688,1.0,0.7727891156462585,0.3280899286081985,96.91455618656109,97.0051545022222,15.0,6.540750170141058,6.0,14.0,15.90736368933455,89.04363177816917,208.5919999999999,0.9793103448275862,0.0
1119,50,26,12105,1.0070294284496224,0.2705044209419312,1.0,0.7055429270851548,0.754889155956522,126.70590333334749,137.08391590555036,58.872744118140105,20.197898239523663,17.720045146669353,119.40602999848878,121.98214668001572,79.39729500073639,448.8959999999985,0.9693305573350418,0.0
1120,50,27,34038,1.1438845312689765,0.7751846662238664,1.0,0.8885350318471338,0.7771446976393847,265.65293058665367,269.45314991664134,156.0,60.82392701365889,55.59226401209619,156.0,167.8221748429448,-8.320181228841145,741.8839999999989,0.9961952704284712,0.0
