,ImageNumber,ObjectNumber,AreaShape_Area,AreaShape_Compactness,AreaShape_Eccentricity,AreaShape_EulerNumber,AreaShape_Extent,AreaShape_FormFactor,AreaShape_MajorAxisLength,AreaShape_MaxFeretDiameter,AreaShape_MaximumRadius,AreaShape_MeanRadius,AreaShape_MedianRadius,AreaShape_MinFeretDiameter,AreaShape_MinorAxisLength,AreaShape_Orientation,AreaShape_Perimeter,AreaShape_Solidity,in_object
1121,51,1,5574,1.0566722602413374,0.5869420124912529,1.0,0.8676836861768369,0.8208656547269555,95.04884994797695,101.78899744078434,62.03224967708329,24.57519150435945,22.47220505424423,72.0,76.95430277124544,14.943611019299967,292.1139999999994,0.9889992902767922,0.0
1137,51,17,11685,1.3928903469083227,0.8825471740756583,1.0,0.7294462825394844,0.6231190677861342,183.8859367358234,194.17775361765828,79.1580697086532,27.726242290529765,24.59674775249769,82.0,86.46755634382069,-5.864901209600643,485.43799999999914,0.9912623006447232,0.0
