,ImageNumber,ObjectNumber,AreaShape_Area,AreaShape_Compactness,AreaShape_Eccentricity,AreaShape_EulerNumber,AreaShape_Extent,AreaShape_FormFactor,AreaShape_MajorAxisLength,AreaShape_MaxFeretDiameter,AreaShape_MaximumRadius,AreaShape_MeanRadius,AreaShape_MedianRadius,AreaShape_MinFeretDiameter,AreaShape_MinorAxisLength,AreaShape_Orientation,AreaShape_Perimeter,AreaShape_Solidity,in_object
0,1,1,8331,2.3524868996241834,0.9687809987987324,1.0,0.6585770750988142,0.3949009748059538,216.40475874413124,229.0021833957048,52.20153254455275,19.022155267382523,17.464249196572982,54.0,53.65065315296648,-0.2854834462114483,514.8839999999987,0.9651856571858888,0.0
1,1,2,49529,1.8097388777053385,0.9196407471057556,1.0,0.578778848962898,0.3931081746864529,443.69130848829917,511.72258109252914,173.01156030739682,63.75495938775875,55.46169849544819,174.0,174.26446868843033,78.00748581763462,1258.2839999999976,0.8856246256180096,0.0
11,1,12,16327,1.2535597022664855,0.831594878879823,1.0,0.7584076551467855,0.6828027098064293,199.19406203192662,206.00970850908942,97.082439194738,33.70763056384971,29.732137494637012,103.0,110.6289384989922,87.00064891964523,548.1639999999989,0.9932775665399242,0.0
19,1,20,34414,1.0759312829669283,0.6269911513710686,1.0,0.8559631886581271,0.7844896128581343,241.73514707264172,272.44265451650557,186.3866948041088,66.19018084263668,59.06775709595066,186.0,188.31805582386696,64.34510163835336,742.4699999999991,0.9950556599681945,0.0
