,ImageNumber,ObjectNumber,AreaShape_Area,AreaShape_Compactness,AreaShape_Eccentricity,AreaShape_EulerNumber,AreaShape_Extent,AreaShape_FormFactor,AreaShape_MajorAxisLength,AreaShape_MaxFeretDiameter,AreaShape_MaximumRadius,AreaShape_MeanRadius,AreaShape_MedianRadius,AreaShape_MinFeretDiameter,AreaShape_MinorAxisLength,AreaShape_Orientation,AreaShape_Perimeter,AreaShape_Solidity,in_object
1747,82,4,13689,1.0033347464743156,0.3681108919855432,1.0,0.7921875,0.8857743092103962,136.71736081289592,136.35615130972272,62.36184731067546,21.9240837688457,19.235384061671343,127.0,127.117326737479,88.63452462002545,440.6859999999988,0.9840767765357104,0.0
1751,82,8,57593,1.0138923334178502,0.5281508004001872,1.0,0.7734756916465216,0.8819110800557105,293.3035372404171,291.98801345260733,122.48265183282079,44.42512262999539,39.293765408777,245.44605253676895,249.0588729988538,75.98432470825955,905.8939999999964,0.9913589809794301,0.0
1761,82,18,49856,1.0890328217754075,0.7492173866292697,1.0,0.7073378355371431,0.8355255166160032,309.3393747614133,304.7310289419179,100.20977996183805,38.918185218136436,35.17101079013795,200.54800824268563,204.8829449655601,47.11377598002918,865.9319999999962,0.9892652340417089,0.0
