,ImageNumber,ObjectNumber,AreaShape_Area,AreaShape_Compactness,AreaShape_Eccentricity,AreaShape_EulerNumber,AreaShape_Extent,AreaShape_FormFactor,AreaShape_MajorAxisLength,AreaShape_MaxFeretDiameter,AreaShape_MaximumRadius,AreaShape_MeanRadius,AreaShape_MedianRadius,AreaShape_MinFeretDiameter,AreaShape_MinorAxisLength,AreaShape_Orientation,AreaShape_Perimeter,AreaShape_Solidity,in_object
0,1,1,8331,2.3524868996241834,0.9687809987987324,1.0,0.6585770750988142,0.3949009748059538,216.40475874413124,229.0021833957048,52.20153254455275,19.022155267382523,17.464249196572982,54.0,53.65065315296648,-0.2854834462114483,514.8839999999987,0.9651856571858888,0.0
1,1,2,49529,1.8097388777053385,0.9196407471057556,1.0,0.578778848962898,0.3931081746864529,443.69130848829917,511.72258109252914,173.01156030739682,63.75495938775875,55.46169849544819,174.0,174.26446868843033,78.00748581763462,1258.2839999999976,0.8856246256180096,0.0
7,1,8,11622,1.3173131962538354,0.8606304965581255,1.0,0.7377642353837365,0.6748679312191178,175.6233796396294,181.83783984638617,73.60027173862879,26.71287088392446,24.041630560342607,88.0,89.43268593928724,79.40662171058216,465.1959999999992,0.9922308546059934,0.0
11,1,12,16327,1.2535597022664855,0.831594878879823,1.0,0.7584076551467855,0.6828027098064293,199.19406203192662,206.00970850908942,97.082439194738,33.70763056384971,29.732137494637012,103.0,110.6289384989922,87.00064891964523,548.1639999999989,0.9932775665399242,0.0
12,1,13,1,0.0,0.0,1.0,1.0,0.7853981633974483,0.095,0.0,1.0,1.0,1.0,0.0,0.095,0.0,4.0,1.0,0.0
13,1,14,1,0.0,0.0,1.0,1.0,0.7853981633974483,0.095,0.0,1.0,1.0,1.0,0.0,0.095,0.0,4.0,1.0,0.0
17,1,18,235,5.872423800057367,0.995721571746096,1.0,0.7704918032786885,0.18219608675030988,58.984401546341886,60.0,5.0,2.5743084170903185,2.23606797749979,4.0,5.4504113467148905,-89.9564991744702,127.312,0.9552845528455284,0.0
19,1,20,34414,1.0759312829669283,0.6269911513710686,1.0,0.8559631886581271,0.7844896128581343,241.73514707264172,272.44265451650557,186.3866948041088,66.19018084263668,59.06775709595066,186.0,188.31805582386696,64.34510163835336,742.4699999999991,0.9950556599681945,0.0
21,1,22,1,0.0,0.0,1.0,1.0,0.7853981633974483,0.095,0.0,1.0,1.0,1.0,0.0,0.095,0.0,4.0,1.0,0.0
