,ImageNumber,ObjectNumber,AreaShape_Area,AreaShape_Compactness,AreaShape_Eccentricity,AreaShape_EulerNumber,AreaShape_Extent,AreaShape_FormFactor,AreaShape_MajorAxisLength,AreaShape_MaxFeretDiameter,AreaShape_MaximumRadius,AreaShape_MeanRadius,AreaShape_MedianRadius,AreaShape_MinFeretDiameter,AreaShape_MinorAxisLength,AreaShape_Orientation,AreaShape_Perimeter,AreaShape_Solidity,in_object
2465,110,2,343,1.1553195325884065,0.7284680389663449,1.0,0.6213768115942029,0.7301247953575396,26.249855140611782,24.413111231467404,7.6157731058639095,3.2776687975889884,3.0,17.445981318084215,17.983245200094732,-43.66347549886599,76.83400000000003,0.8851612903225806,0.0
2475,110,12,519,1.2747552389464123,0.8543557082201902,1.0,0.6653846153846154,0.5993199265902148,36.44363075499753,38.47076812334269,9.219544457292887,3.6547093099188537,3.1622776601683795,19.0,18.93934235135411,-2.507258103184815,104.31800000000004,0.8917525773195877,0.0
2476,110,13,1,0.0,0.0,1.0,1.0,0.7853981633974483,0.095,0.0,1.0,1.0,1.0,0.0,0.095,0.0,4.0,1.0,0.0
2479,110,16,1,0.0,0.0,1.0,1.0,0.7853981633974483,0.095,0.0,1.0,1.0,1.0,0.0,0.095,0.0,4.0,1.0,0.0
2480,110,17,1,0.0,0.0,1.0,1.0,0.7853981633974483,0.095,0.0,1.0,1.0,1.0,0.0,0.095,0.0,4.0,1.0,0.0
2484,110,21,1,0.0,0.0,1.0,1.0,0.7853981633974483,0.095,0.0,1.0,1.0,1.0,0.0,0.095,0.0,4.0,1.0,0.0
