,ImageNumber,ObjectNumber,AreaShape_Area,AreaShape_Compactness,AreaShape_Eccentricity,AreaShape_EulerNumber,AreaShape_Extent,AreaShape_FormFactor,AreaShape_MajorAxisLength,AreaShape_MaxFeretDiameter,AreaShape_MaximumRadius,AreaShape_MeanRadius,AreaShape_MedianRadius,AreaShape_MinFeretDiameter,AreaShape_MinorAxisLength,AreaShape_Orientation,AreaShape_Perimeter,AreaShape_Solidity,in_object
2052,94,1,1364,3.7867652123174733,0.9889545917803519,1.0,0.6987704918032787,0.26308709083934123,113.26998490950388,121.0,16.0,6.672169793219672,6.0,15.0,16.78874227981868,0.20093844135543648,255.24799999999962,0.9837720879913452,0.0
2058,94,7,1542,2.3557885633149453,0.96892928391786,1.0,0.693969396939694,0.4025951138432496,93.2437819250855,100.0,22.0,8.690183061295924,8.0,21.0,23.06272233849449,88.6524907467621,219.38799999999972,0.9865642994241842,0.0
2071,94,20,9108,1.0034741923343775,0.3009957995283576,1.0,0.7666021378671829,0.8771131974730625,110.22550233109705,113.31813623599709,51.312766442670004,17.824049321969568,15.652475842498527,103.69937789403444,105.11384598295818,-49.70137656846304,361.2339999999992,0.9790390196710742,0.0
2073,94,22,23468,1.1182663960336277,0.778128419398896,1.0,0.7316373612669909,0.8100195205316557,218.47532449117475,217.1865557533431,65.45991139621256,26.165646945798173,23.769728648009423,133.4693950164922,137.2254909771349,-27.572485950548376,603.3859999999978,0.9835296089853736,0.0
2082,94,31,1,0.0,0.0,1.0,1.0,0.7853981633974483,0.095,0.0,1.0,1.0,1.0,0.0,0.095,0.0,4.0,1.0,0.0
