,ImageNumber,ObjectNumber,AreaShape_Area,AreaShape_Compactness,AreaShape_Eccentricity,AreaShape_EulerNumber,AreaShape_Extent,AreaShape_FormFactor,AreaShape_MajorAxisLength,AreaShape_MaxFeretDiameter,AreaShape_MaximumRadius,AreaShape_MeanRadius,AreaShape_MedianRadius,AreaShape_MinFeretDiameter,AreaShape_MinorAxisLength,AreaShape_Orientation,AreaShape_Perimeter,AreaShape_Solidity,in_object
2709,117,13,1,0.0,0.0,1.0,1.0,0.7853981633974483,0.095,0.0,1.0,1.0,1.0,0.0,0.095,0.0,4.0,1.0,0.0
2712,117,16,1,0.0,0.0,1.0,1.0,0.7853981633974483,0.095,0.0,1.0,1.0,1.0,0.0,0.095,0.0,4.0,1.0,0.0
2726,117,30,8608,1.3323619535353937,0.8709952958955677,1.0,0.7872690689592098,0.6698735391686405,153.1154034160561,153.3264491208219,70.11419257183242,24.09088502334085,21.02379604162864,70.0,75.22427386449999,-89.35311050658527,401.8459999999993,0.9778484607520164,0.0
2728,117,32,2118,2.3508274851997504,0.9666497915590878,1.0,0.6577639751552795,0.40024640764238334,108.9201635980113,114.21471008587292,27.65863337187866,9.865295207986824,8.94427190999916,27.0,27.894660270577628,-89.27782382353595,257.87199999999973,0.95750452079566,0.0
