,ImageNumber,ObjectNumber,AreaShape_Area,AreaShape_Compactness,AreaShape_Eccentricity,AreaShape_EulerNumber,AreaShape_Extent,AreaShape_FormFactor,AreaShape_MajorAxisLength,AreaShape_MaxFeretDiameter,AreaShape_MaximumRadius,AreaShape_MeanRadius,AreaShape_MedianRadius,AreaShape_MinFeretDiameter,AreaShape_MinorAxisLength,AreaShape_Orientation,AreaShape_Perimeter,AreaShape_Solidity,in_object
2772,119,6,73024,1.0946946634371564,0.7130090254669268,1.0,0.6983799085709914,0.7520905342020792,368.6049103079047,360.8337567357023,119.85407794480751,43.258301160670975,39.812058474788756,274.058980802761,258.44912215340617,-37.27893271421504,1104.593999999996,0.9505981593095458,0.0
2774,119,8,42792,1.348276903866552,0.8824636295075496,1.0,0.7481118881118881,0.6549161183567175,346.0936646877551,325.29525050329283,79.75587752636166,29.993468105551948,27.85677655436824,161.35175157422063,162.79575806452732,5.704487773728247,906.1359999999963,0.9363368817216066,0.0
