,ImageNumber,ObjectNumber,AreaShape_Area,AreaShape_Compactness,AreaShape_Eccentricity,AreaShape_EulerNumber,AreaShape_Extent,AreaShape_FormFactor,AreaShape_MajorAxisLength,AreaShape_MaxFeretDiameter,AreaShape_MaximumRadius,AreaShape_MeanRadius,AreaShape_MedianRadius,AreaShape_MinFeretDiameter,AreaShape_MinorAxisLength,AreaShape_Orientation,AreaShape_Perimeter,AreaShape_Solidity,in_object
592,27,1,2504,2.3034897411800803,0.9678021929528268,1.0,0.6841530054644809,0.414699401653865,117.34573905129,121.59358535712316,29.068883707497267,11.246659355819826,10.295630140987,29.0,29.537327025195502,-87.57029808219616,275.4579999999997,0.9885511251480458,0.0
593,27,2,41675,1.0117437491350223,0.5047613288810395,1.0,0.7831144183249713,0.8640240722096045,247.51950848445114,250.0079998720041,105.47511554864494,37.67215705457011,33.24154027718932,213.70850871416562,213.67342900764962,-20.158725982091585,778.5379999999969,0.9867058113243284,0.0
600,27,9,4665,1.084807249193565,0.7383542362800729,1.0,0.6854246253305907,0.8387716460093586,93.99050747832355,91.60785992479029,31.304951684997054,12.08128444760182,10.816653826391967,62.93250352560272,63.388428983560104,-45.40222974006485,264.3679999999993,0.9726855713094246,0.0
610,27,19,6668,1.5688208582824836,0.9159849555196198,1.0,0.7053099217262534,0.569523516077883,151.2119295829923,162.01234520862909,56.92099788303082,20.81484483502617,18.384776310850235,57.0,60.668133466065036,-89.63324508642319,383.5719999999994,0.9899049881235156,0.0
