,ImageNumber,ObjectNumber,AreaShape_Area,AreaShape_Compactness,AreaShape_Eccentricity,AreaShape_EulerNumber,AreaShape_Extent,AreaShape_FormFactor,AreaShape_MajorAxisLength,AreaShape_MaxFeretDiameter,AreaShape_MaximumRadius,AreaShape_MeanRadius,AreaShape_MedianRadius,AreaShape_MinFeretDiameter,AreaShape_MinorAxisLength,AreaShape_Orientation,AreaShape_Perimeter,AreaShape_Solidity,in_object
2556,113,4,34605,1.7872987995191951,0.8594909871388243,1.0,0.5328436807095344,0.3806264301873453,352.6031969483838,374.23655620476194,135.35139452550905,45.780833906427404,37.65634076752546,197.0,180.23344162043318,-24.56465785896155,1068.8699999999974,0.8124002253732745,0.0
2562,113,10,1,0.0,0.0,1.0,1.0,0.7853981633974483,0.095,0.0,1.0,1.0,1.0,0.0,0.095,0.0,4.0,1.0,0.0
2563,113,11,44727,1.1211242117254034,0.7770122856342155,1.0,0.667666815942678,0.7003714417546846,301.76746140349195,299.1521352088265,90.24965373894794,35.18695750287305,31.953090617340923,200.99888983112845,189.9582205350493,-59.72477536122457,895.8299999999962,0.9487818588716944,0.0
2577,113,25,42920,1.3313114706522555,0.7670541918404148,1.0,0.5006473888649116,0.3226090588078485,320.3629855774775,348.1063056021824,89.87213138676529,26.451342663827266,20.248456731316587,222.6462820303762,205.5392258919788,53.17014862771949,1292.993999999995,0.7851530700911926,0.0
2580,113,28,51347,1.1235017459407777,0.7813645383103779,1.0,0.7751309572332171,0.795704321864443,324.45280158528163,316.24357700987383,98.99494936611666,38.204301996079344,34.88552708502482,197.84847737599603,202.4828438451088,-80.1861309051109,900.5059999999969,0.9759375059395968,0.0
2581,113,29,30830,1.0042270847331882,0.3602433292301799,1.0,0.7712320200125078,0.8571761642803791,204.90234904817225,204.74862636901864,94.04786015641186,32.5326296719623,28.63564212655271,190.2159916140175,191.14487192059846,-78.40885008908205,672.2899999999977,0.9854720388690889,0.0
2592,113,40,11641,2.134274645369501,0.9558804946939884,1.0,0.5783485691573926,0.3335624881604224,240.84294495651818,295.006779583114,68.0,24.586059709211412,21.840329667841555,67.0,70.7490159997157,3.4339700841912406,662.2339999999988,0.9079634973870996,0.0
