,ImageNumber,ObjectNumber,AreaShape_Area,AreaShape_Compactness,AreaShape_Eccentricity,AreaShape_EulerNumber,AreaShape_Extent,AreaShape_FormFactor,AreaShape_MajorAxisLength,AreaShape_MaxFeretDiameter,AreaShape_MaximumRadius,AreaShape_MeanRadius,AreaShape_MedianRadius,AreaShape_MinFeretDiameter,AreaShape_MinorAxisLength,AreaShape_Orientation,AreaShape_Perimeter,AreaShape_Solidity,in_object
597,27,6,25048,1.2400163163330784,0.842187505591152,1.0,0.8291843220338984,0.7410772589138369,247.03946323511457,237.03586226560742,112.01785571952357,40.26262438606015,36.0,127.0,133.19991369722106,-85.3952779123617,651.7179999999988,0.9909403805831388,0.0
602,27,11,15296,1.2479519942129027,0.8322040494158887,1.0,0.7804081632653062,0.6999795999182494,192.448933537851,195.0410213262841,94.92101980067429,32.80779345022246,28.930869689661808,99.0,106.70706286190531,89.09247162777737,524.023999999999,0.9930855380620028,0.0
606,27,15,22242,1.2631344826280495,0.8560946892811282,1.0,0.8559883004926109,0.7413324444497219,237.1358553555189,225.729927125315,107.0420478129973,38.34595468837385,34.058772731852805,115.0,122.55631659796778,89.42132647980705,614.023999999999,0.9927248382057576,0.0
614,27,23,22847,1.1283605178480445,0.746534709699766,1.0,0.817570227232063,0.7810128490289154,212.89200816216945,209.2868844433401,101.11874208078342,38.621001780960604,34.525353003264144,134.0,141.6469464534053,-2.9095383158798755,606.3039999999987,0.9915587092854198,0.0
615,27,24,10163,1.7209186571450688,0.9376896570540486,1.0,0.7627016885553471,0.5497470938549655,198.96257755771717,204.00980368599937,65.0,24.994493756847426,22.56102834535696,64.0,69.13430159637821,-0.9296945264867847,481.98599999999914,0.9923835562933307,0.0
