,ImageNumber,ObjectNumber,AreaShape_Area,AreaShape_Compactness,AreaShape_Eccentricity,AreaShape_EulerNumber,AreaShape_Extent,AreaShape_FormFactor,AreaShape_MajorAxisLength,AreaShape_MaxFeretDiameter,AreaShape_MaximumRadius,AreaShape_MeanRadius,AreaShape_MedianRadius,AreaShape_MinFeretDiameter,AreaShape_MinorAxisLength,AreaShape_Orientation,AreaShape_Perimeter,AreaShape_Solidity,in_object
1121,51,1,5574,1.0566722602413374,0.5869420124912529,1.0,0.8676836861768369,0.8208656547269555,95.04884994797695,101.78899744078434,62.03224967708329,24.57519150435945,22.47220505424423,72.0,76.95430277124544,14.943611019299967,292.1139999999994,0.9889992902767922,0.0
1124,51,4,58796,1.1577056356926083,0.758255868317222,1.0,0.6732623382571854,0.6671026487976187,347.9995078090192,385.13504125176667,106.73331251301069,42.552462456787936,40.311288741492746,239.0215117777937,226.8807440202573,62.118273624295114,1052.403999999997,0.9384986192916088,0.0
1129,51,9,30530,1.1413859605525831,0.7363400940602146,1.0,0.7393863069434017,0.7005368322609001,246.21013849686685,265.81948762270986,116.0,44.01425551497759,39.204591567825325,156.0,166.58863731381902,-87.45099013781912,740.0359999999981,0.9747765006385696,0.0
1132,51,12,50201,1.1445813585148428,0.7558882921773594,1.0,0.7010921177587844,0.7151068236988696,319.33889996523897,326.93883219954165,108.66462165764901,37.0922278269438,32.449961479175904,220.0,209.0713728514676,78.22356868228005,939.2379999999963,0.9508305396139932,0.0
1133,51,13,71011,1.165899090827032,0.7601721808982803,1.0,0.6584847922848664,0.7295236488899158,384.17574728216033,380.0065788904186,112.8937553631732,41.753889553658574,38.48376280978771,257.8238464925708,249.60731014376196,-38.48050436542504,1105.9819999999954,0.94622036856903,0.0
1137,51,17,11685,1.3928903469083227,0.8825471740756583,1.0,0.7294462825394844,0.6231190677861342,183.8859367358234,194.17775361765828,79.1580697086532,27.726242290529765,24.59674775249769,82.0,86.46755634382069,-5.864901209600643,485.43799999999914,0.9912623006447232,0.0
