,ImageNumber,ObjectNumber,AreaShape_Area,AreaShape_Compactness,AreaShape_Eccentricity,AreaShape_EulerNumber,AreaShape_Extent,AreaShape_FormFactor,AreaShape_MajorAxisLength,AreaShape_MaxFeretDiameter,AreaShape_MaximumRadius,AreaShape_MeanRadius,AreaShape_MedianRadius,AreaShape_MinFeretDiameter,AreaShape_MinorAxisLength,AreaShape_Orientation,AreaShape_Perimeter,AreaShape_Solidity,in_object
1097,50,4,46249,1.1872957007593197,0.8061214153799104,1.0,0.6571327081557261,0.5574832234666636,321.122790039991,339.4849039353591,89.44271909999159,32.696360736471696,28.16025568065745,189.12702002350247,190.0244655891326,67.5158606054317,1021.0339999999962,0.925350140056022,0.0
1113,50,20,43763,1.2311400249532054,0.6893127131629074,1.0,0.6758764478764479,0.5836304500013414,299.31802191018056,307.82462539569514,116.0,37.64396167147157,34.785054261852174,244.3837299150164,216.84510997728148,19.711441227444027,970.7099999999973,0.8879397800592458,0.0
1120,50,27,34038,1.1438845312689765,0.7751846662238664,1.0,0.8885350318471338,0.7771446976393847,265.65293058665367,269.45314991664134,156.0,60.82392701365889,55.59226401209619,156.0,167.8221748429448,-8.320181228841145,741.8839999999989,0.9961952704284712,0.0
