,ImageNumber,ObjectNumber,AreaShape_Area,AreaShape_Compactness,AreaShape_Eccentricity,AreaShape_EulerNumber,AreaShape_Extent,AreaShape_FormFactor,AreaShape_MajorAxisLength,AreaShape_MaxFeretDiameter,AreaShape_MaximumRadius,AreaShape_MeanRadius,AreaShape_MedianRadius,AreaShape_MinFeretDiameter,AreaShape_MinorAxisLength,AreaShape_Orientation,AreaShape_Perimeter,AreaShape_Solidity,in_object
1124,51,4,58796,1.1577056356926083,0.758255868317222,1.0,0.6732623382571854,0.6671026487976187,347.9995078090192,385.13504125176667,106.73331251301069,42.552462456787936,40.311288741492746,239.0215117777937,226.8807440202573,62.118273624295114,1052.403999999997,0.9384986192916088,0.0
1126,51,6,41136,1.0274561440955376,0.6072897801624084,1.0,0.7907727797001154,0.8687101708225377,256.32989053751584,255.22734963165684,101.0198000393982,37.141489337490704,33.015148038438355,202.51895666986562,203.64907669671214,84.77038154631347,771.3979999999973,0.989476469385546,0.0
1129,51,9,30530,1.1413859605525831,0.7363400940602146,1.0,0.7393863069434017,0.7005368322609001,246.21013849686685,265.81948762270986,116.0,44.01425551497759,39.204591567825325,156.0,166.58863731381902,-87.45099013781912,740.0359999999981,0.9747765006385696,0.0
1132,51,12,50201,1.1445813585148428,0.7558882921773594,1.0,0.7010921177587844,0.7151068236988696,319.33889996523897,326.93883219954165,108.66462165764901,37.0922278269438,32.449961479175904,220.0,209.0713728514676,78.22356868228005,939.2379999999963,0.9508305396139932,0.0
