,ImageNumber,ObjectNumber,AreaShape_Area,AreaShape_Compactness,AreaShape_Eccentricity,AreaShape_EulerNumber,AreaShape_Extent,AreaShape_FormFactor,AreaShape_MajorAxisLength,AreaShape_MaxFeretDiameter,AreaShape_MaximumRadius,AreaShape_MeanRadius,AreaShape_MedianRadius,AreaShape_MinFeretDiameter,AreaShape_MinorAxisLength,AreaShape_Orientation,AreaShape_Perimeter,AreaShape_Solidity,in_object
2188,99,6,86228,1.1991251272522936,0.8249136890112186,1.0,0.6843492063492064,0.6805940452261323,445.69896933214693,449.53865239821147,118.33849753989612,44.82284264441886,41.10960958218893,269.16827671202043,251.9352230538644,-8.013055273007712,1261.7839999999949,0.9351009895621524,0.0
2204,99,22,22923,1.0636784923606517,0.6688929341490739,1.0,0.8291015625,0.8375837130120359,199.58539153516202,201.1889659002203,89.0,35.27340292749444,32.38826948140329,143.0,148.36354870612996,-77.03165546831937,586.4439999999988,0.9918653455064688,0.0
